Workbook

Sheet Viajeros
A1: Viajeros – Vangrupo | Brasil, Noviembre 2026
A2: Registre aquí a las 7 personas una sola vez. Celdas amarillas = completar. El nombre y el pasaporte aparecen automáticamente en las pestañas Vuelos y Hotel. Vencimiento en rojo = vence menos de 6 meses después del 30/11/2026.
A4: Nº | B4: Nombre de la Persona | C4: Nº de Pasaporte | D4: Vencimiento del Pasaporte
A5: 1 | B5: Persona 1
A6: 2 | B6: Persona 2
A7: 3 | B7: Persona 3
A8: 4 | B8: Persona 4
A9: 5 | B9: Persona 5
A10: 6 | B10: Persona 6
A11: 7 | B11: Persona 7

Sheet Vuelos
A1: Vuelos – Vangrupo | Brasil, Noviembre 2026
A2: Una fila por persona por vuelo (así queda claro quién va en cada vuelo, aunque no viajen siempre los 7 juntos). Amarillo = completar; gris = automático (se toma de la pestaña Viajeros). La fila 5 es un EJEMPLO – reemplácela o bórrela.
A4: Fecha | B4: Nº de Vuelo | C4: Horario | D4: Origen | E4: Destino | F4: Nombre de la Persona | G4: Nº de Pasaporte | H4: Vencimiento del Pasaporte | I4: Link del Sitio de Compra del Pasaje
A5: 46329 | B5: TP 089 | C5: 0.4375 | D5: Lisboa (LIS) | E5: São Paulo (GRU) | F5: Persona 1 | G5: =IF(F5="","",IFERROR(INDEX(Viajeros!$C$5:$C$11,MATCH(F5,Viajeros!$B$5:$B$11,0))&"","")) | H5: =IF(F5="","",IFERROR(IF(INDEX(Viajeros!$D$5:$D$11,MATCH(F5,Viajeros!$B$5:$B$11,0))="","",INDEX(Viajeros!$D$5:$D$11,MATCH(F5,Viajeros!$B$5:$B$11,0))),"")) | I5: https://www.flytap.com
G6: =IF(F6="","",IFERROR(INDEX(Viajeros!$C$5:$C$11,MATCH(F6,Viajeros!$B$5:$B$11,0))&"","")) | H6: =IF(F6="","",IFERROR(IF(INDEX(Viajeros!$D$5:$D$11,MATCH(F6,Viajeros!$B$5:$B$11,0))="","",INDEX(Viajeros!$D$5:$D$11,MATCH(F6,Viajeros!$B$5:$B$11,0))),""))
G7: =IF(F7="","",IFERROR(INDEX(Viajeros!$C$5:$C$11,MATCH(F7,Viajeros!$B$5:$B$11,0))&"","")) | H7: =IF(F7="","",IFERROR(IF(INDEX(Viajeros!$D$5:$D$11,MATCH(F7,Viajeros!$B$5:$B$11,0))="","",INDEX(Viajeros!$D$5:$D$11,MATCH(F7,Viajeros!$B$5:$B$11,0))),""))
G8: =IF(F8="","",IFERROR(INDEX(Viajeros!$C$5:$C$11,MATCH(F8,Viajeros!$B$5:$B$11,0))&"","")) | H8: =IF(F8="","",IFERROR(IF(INDEX(Viajeros!$D$5:$D$11,MATCH(F8,Viajeros!$B$5:$B$11,0))="","",INDEX(Viajeros!$D$5:$D$11,MATCH(F8,Viajeros!$B$5:$B$11,0))),""))
G9: =IF(F9="","",IFERROR(INDEX(Viajeros!$C$5:$C$11,MATCH(F9,Viajeros!$B$5:$B$11,0))&"","")) | H9: =IF(F9="","",IFERROR(IF(INDEX(Viajeros!$D$5:$D$11,MATCH(F9,Viajeros!$B$5:$B$11,0))="","",INDEX(Viajeros!$D$5:$D$11,MATCH(F9,Viajeros!$B$5:$B$11,0))),""))
G10: =IF(F10="","",IFERROR(INDEX(Viajeros!$C$5:$C$11,MATCH(F10,Viajeros!$B$5:$B$11,0))&"","")) | H10: =IF(F10="","",IFERROR(IF(INDEX(Viajeros!$D$5:$D$11,MATCH(F10,Viajeros!$B$5:$B$11,0))="","",INDEX(Viajeros!$D$5:$D$11,MATCH(F10,Viajeros!$B$5:$B$11,0))),""))
G11: =IF(F11="","",IFERROR(INDEX(Viajeros!$C$5:$C$11,MATCH(F11,Viajeros!$B$5:$B$11,0))&"","")) | H11: =IF(F11="","",IFERROR(IF(INDEX(Viajeros!$D$5:$D$11,MATCH(F11,Viajeros!$B$5:$B$11,0))="","",INDEX(Viajeros!$D$5:$D$11,MATCH(F11,Viajeros!$B$5:$B$11,0))),""))
G12: =IF(F12="","",IFERROR(INDEX(Viajeros!$C$5:$C$11,MATCH(F12,Viajeros!$B$5:$B$11,0))&"","")) | H12: =IF(F12="","",IFERROR(IF(INDEX(Viajeros!$D$5:$D$11,MATCH(F12,Viajeros!$B$5:$B$11,0))="","",INDEX(Viajeros!$D$5:$D$11,MATCH(F12,Viajeros!$B$5:$B$11,0))),""))
G13: =IF(F13="","",IFERROR(INDEX(Viajeros!$C$5:$C$11,MATCH(F13,Viajeros!$B$5:$B$11,0))&"","")) | H13: =IF(F13="","",IFERROR(IF(INDEX(Viajeros!$D$5:$D$11,MATCH(F13,Viajeros!$B$5:$B$11,0))="","",INDEX(Viajeros!$D$5:$D$11,MATCH(F13,Viajeros!$B$5:$B$11,0))),""))
G14: =IF(F14="","",IFERROR(INDEX(Viajeros!$C$5:$C$11,MATCH(F14,Viajeros!$B$5:$B$11,0))&"","")) | H14: =IF(F14="","",IFERROR(IF(INDEX(Viajeros!$D$5:$D$11,MATCH(F14,Viajeros!$B$5:$B$11,0))="","",INDEX(Viajeros!$D$5:$D$11,MATCH(F14,Viajeros!$B$5:$B$11,0))),""))
G15: =IF(F15="","",IFERROR(INDEX(Viajeros!$C$5:$C$11,MATCH(F15,Viajeros!$B$5:$B$11,0))&"","")) | H15: =IF(F15="","",IFERROR(IF(INDEX(Viajeros!$D$5:$D$11,MATCH(F15,Viajeros!$B$5:$B$11,0))="","",INDEX(Viajeros!$D$5:$D$11,MATCH(F15,Viajeros!$B$5:$B$11,0))),""))
G16: =IF(F16="","",IFERROR(INDEX(Viajeros!$C$5:$C$11,MATCH(F16,Viajeros!$B$5:$B$11,0))&"","")) | H16: =IF(F16="","",IFERROR(IF(INDEX(Viajeros!$D$5:$D$11,MATCH(F16,Viajeros!$B$5:$B$11,0))="","",INDEX(Viajeros!$D$5:$D$11,MATCH(F16,Viajeros!$B$5:$B$11,0))),""))
G17: =IF(F17="","",IFERROR(INDEX(Viajeros!$C$5:$C$11,MATCH(F17,Viajeros!$B$5:$B$11,0))&"","")) | H17: =IF(F17="","",IFERROR(IF(INDEX(Viajeros!$D$5:$D$11,MATCH(F17,Viajeros!$B$5:$B$11,0))="","",INDEX(Viajeros!$D$5:$D$11,MATCH(F17,Viajeros!$B$5:$B$11,0))),""))
... G84: =IF(F84="","",IFERROR(INDEX(Viajeros!$C$5:$C$11,MATCH(F84,Viajeros!$B$5:$B$11,0))&"","")) | H84: =IF(F84="","",IFERROR(IF(INDEX(Viajeros!$D$5:$D$11,MATCH(F84,Viajeros!$B$5:$B$11,0))="","",INDEX(Viajeros!$D$5:$D$11,MATCH(F84,Viajeros!$B$5:$B$11,0))),""))

Sheet Hotel
A1: Reservas de Hotel – Vangrupo | Brasil, Noviembre 2026
A2: Una fila por persona por estadía. Amarillo = completar; gris = automático. La fila 5 es un EJEMPLO – reemplácela o bórrela.
A4: Nombre de la Persona | B4: Fecha de Check-in | C4: Fecha de Check-out | D4: Nº de Noches | E4: Ciudad | F4: Nombre del Hotel | G4: Link de la Reserva del Hotel
A5: Persona 1 | B5: 46329 | C5: 46333 | D5: =IF(AND(ISNUMBER(B5),ISNUMBER(C5)),C5-B5,"") | E5: São Paulo | F5: Hotel Ejemplo Paulista | G5: https://www.booking.com
D6: =IF(AND(ISNUMBER(B6),ISNUMBER(C6)),C6-B6,"")
D7: =IF(AND(ISNUMBER(B7),ISNUMBER(C7)),C7-B7,"")
D8: =IF(AND(ISNUMBER(B8),ISNUMBER(C8)),C8-B8,"")
D9: =IF(AND(ISNUMBER(B9),ISNUMBER(C9)),C9-B9,"")
D10: =IF(AND(ISNUMBER(B10),ISNUMBER(C10)),C10-B10,"")
D11: =IF(AND(ISNUMBER(B11),ISNUMBER(C11)),C11-B11,"")
D12: =IF(AND(ISNUMBER(B12),ISNUMBER(C12)),C12-B12,"")
D13: =IF(AND(ISNUMBER(B13),ISNUMBER(C13)),C13-B13,"")
D14: =IF(AND(ISNUMBER(B14),ISNUMBER(C14)),C14-B14,"")
D15: =IF(AND(ISNUMBER(B15),ISNUMBER(C15)),C15-B15,"")
D16: =IF(AND(ISNUMBER(B16),ISNUMBER(C16)),C16-B16,"")
D17: =IF(AND(ISNUMBER(B17),ISNUMBER(C17)),C17-B17,"")
... D84: =IF(AND(ISNUMBER(B84),ISNUMBER(C84)),C84-B84,"")
